{
    "0": {},
    "1": {},
    "2": {
        "v": -145.14048055881128,
        "offset": -276.64593097859984
    },
    "3": {
        "v": -144.6671630683487,
        "offset": -27.029730242250363
    },
    "4": {
        "v": -145.4944478698974,
        "offset": -40.81741135409246
    },
    "5": {
        "v": -142.69307614895033,
        "offset": -7.40077155530074
    },
    "6": {
        "v": -143.65722350049822,
        "offset": -75.69519512942985
    },
    "7": {
        "v": -145.69132104426765,
        "offset": -46.3329793067899
    },
    "8": {
        "v": -143.44620599755936,
        "offset": -70.70595542196295
    },
    "9": {
        "v": -145.02076492002618,
        "offset": -10.691507402805922
    },
    "10": {
        "v": -143.80085262271766,
        "offset": -94.58477894799682
    },
    "11": {
        "v": -141.36572804426953,
        "offset": 29.458798774563242
    },
    "12": {
        "v": -145.06425076483677,
        "offset": -24.442586176146033
    },
    "13": {
        "v": -144.1973665333223,
        "offset": -18.925039780227408
    },
    "14": {
        "v": -145.5080162869404,
        "offset": -66.29465816247647
    },
    "15": {
        "v": -142.31638020881027,
        "offset": -243.15734045294369
    },
    "16": {
        "v": -143.86093875376707,
        "offset": -320.61948578846705
    },
    "17": {
        "v": -144.95036723023108,
        "offset": -232.62556198691559
    },
    "18": {
        "v": -143.3460226657518,
        "offset": 116.60546871738174
    },
    "19": {
        "v": -140.78702888029622,
        "offset": 101.09026231611752
    },
    "20": {
        "v": -145.24769101087085,
        "offset": 55.255902378138096
    },
    "21": {
        "v": -143.81202433266694,
        "offset": 159.81443820651478
    },
    "22": {
        "v": -142.23987263261887,
        "offset": -66.61970226431292
    },
    "23": {
        "v": -143.5446283850059,
        "offset": -165.13721837604453
    },
    "24": {
        "v": -143.57427701595526,
        "offset": 44.49192482220231
    },
    "25": {
        "v": -145.09453164974605,
        "offset": -87.17905268407843
    },
    "26": {
        "v": -144.30426683589727,
        "offset": -84.00678330457846
    },
    "27": {
        "v": -138.39079714187227,
        "offset": 173.88475107704323
    },
    "28": {
        "v": -142.7266009564315,
        "offset": -273.7868572451461
    },
    "29": {
        "v": -143.72899407449125,
        "offset": -5.970945228301438
    },
    "30": {
        "v": -143.29290922297355,
        "offset": -44.193384302354474
    },
    "31": {
        "v": -140.9631695855616,
        "offset": -91.48268219140729
    },
    "32": {
        "v": -143.55526763687718,
        "offset": -61.51734396736598
    },
    "33": {
        "v": -143.58787114467904,
        "offset": -16.381999889090693
    },
    "34": {
        "v": -143.60827990423294,
        "offset": -41.31521929105126
    },
    "35": {
        "v": -143.58510029313626,
        "offset": 85.1852452290956
    },
    "36": {
        "v": -144.49935891139825,
        "offset": 2.239686074693113
    },
    "37": {
        "v": -143.63043920073363,
        "offset": -173.42058104128114
    },
    "38": {
        "v": -141.94645104496595,
        "offset": 249.72641201406267
    },
    "39": {
        "v": -145.062593027069,
        "offset": -13.049072559651764
    },
    "40": {
        "v": -142.33831452664614,
        "offset": -604.4863229805188
    },
    "41": {
        "v": -145.3308167333123,
        "offset": -99.12464899367302
    },
    "42": {
        "v": -144.20892064583776,
        "offset": 142.3870192294443
    },
    "43": {
        "v": -143.0055557010746,
        "offset": 366.2425343253617
    },
    "44": {
        "v": -146.2667212122707,
        "offset": 90.35029567928612
    },
    "45": {
        "v": -143.7584048805747,
        "offset": 50.77772637296855
    },
    "46": {
        "v": -143.85664704004677,
        "offset": -75.36851225338565
    },
    "47": {
        "v": -145.39904442448437,
        "offset": -20.509648666786102
    },
    "48": {
        "v": -144.69997774311003,
        "offset": -77.56510287155999
    },
    "49": {
        "v": -144.72359810551097,
        "offset": 25.15195797908906
    },
    "50": {
        "v": -145.39252343712698,
        "offset": -64.50122179163316
    },
    "51": {
        "v": -144.56065096244757,
        "offset": -42.48768399758523
    },
    "52": {
        "v": -143.93520038398682,
        "offset": 0.3648557153139874
    },
    "53": {
        "v": -146.8923788015162,
        "offset": -49.98631614866236
    },
    "54": {
        "v": -146.20151090481752,
        "offset": -19.735364904404157
    },
    "55": {
        "v": -143.26471152922255,
        "offset": -94.49283800943566
    },
    "56": {
        "v": -145.97340879769848,
        "offset": -261.8486206455112
    },
    "57": {
        "v": -145.7788649014447,
        "offset": -102.89585810870514
    },
    "58": {
        "v": -144.4921123243566,
        "offset": 321.2755227940224
    },
    "59": {
        "v": -146.76091164293007,
        "offset": 416.11503223162765
    },
    "60": {
        "v": -145.51781558759714,
        "offset": 397.0063771092157
    },
    "61": {
        "v": -145.75673800631282,
        "offset": 403.83910185212204
    },
    "62": {
        "v": -145.3656760582429,
        "offset": 276.9707549214047
    },
    "63": {
        "v": -144.18268684175024,
        "offset": 35.31448090821059
    },
    "64": {
        "v": -144.334460618205,
        "offset": -79.50495127599669
    },
    "65": {
        "v": -143.7637287711546,
        "offset": 183.8351005042214
    },
    "66": {
        "v": -143.7050365753909,
        "offset": 373.2615146325029
    },
    "67": {
        "v": -145.95172728026776,
        "offset": 570.2302866507896
    },
    "68": {
        "v": -142.5559481063575,
        "offset": 394.56964735783663
    },
    "69": {
        "v": -145.53741266666512,
        "offset": 444.2498036517798
    },
    "70": {
        "v": -144.42820832689875,
        "offset": 212.73532359132707
    },
    "71": {
        "v": -144.15798171604135,
        "offset": 301.17964422149277
    }
}